cluster_full,revenue_usd,n_customers,freq_mean,recency_days_median,revenue_share,lift_mon_per_cust
0,3160029117.01,48613,68.30331392837307,1.0,0.7367336827913487,0.49670009624567113
1,1129212967.1,50146,67.2071551070873,1.0,0.2632663172086513,-0.48151560999463183
